n,fr,t,min,max,eps,epss,alpha,lmax,nt,k,c90,c80,c70,c60,c50,c40,c30,c20,c10,c00
10,0.5,10000,10,15,0.1,0.1,100,3,0,100,0,0,0,0,0,0,0.1,0.26,0.39,0.74
10,0.5,10000,10,15,0.2,0.1,100,3,0,100,0,0,0,0,0,0,0.1,0.26,0.39,0.74
10,0.5,10000,10,15,0.3,0.1,100,3,0,100,0,0,0,0,0,0,0.1,0.26,0.39,0.74
10,0.5,10000,10,15,0.4,0.1,100,3,0,100,0,0,0,0,0,0,0.1,0.26,0.39,0.74
10,0.5,10000,10,15,0.5,0.1,100,3,0,100,0,0,0,0,0,0,0.1,0.26,0.39,0.74
10,0.5,10000,10,15,0.6,0.1,100,3,0,100,0,0,0,0,0,0,0.1,0.26,0.39,0.74
10,0.5,10000,10,15,0.7,0.1,100,3,0,100,0,0,0,0,0,0,0.1,0.26,0.39,0.74
10,0.5,10000,10,15,0.8,0.1,100,3,0,100,0,0,0,0,0,0,0.1,0.26,0.39,0.74
10,0.5,10000,10,15,0.9,0.1,100,3,0,100,0,0,0,0,0,0,0.1,0.26,0.39,0.74
10,0.5,10000,10,15,0.1,0.1,100,3,0,10,0,0,0,0,0,0,0.2,0.4,0.5,1
10,0.5,10000,10,15,1,0.1,100,3,0,100,0,0,0,0,0,0,0.1,0.26,0.39,0.74
10,0.5,10000,10,15,0.2,0.1,100,3,0,10,0,0,0,0,0,0,0.3,0.5,0.6,1
10,0.5,10000,10,15,0.3,0.1,100,3,0,10,0,0,0,0,0,0,0.3,0.5,0.6,1
10,0.5,10000,10,15,0.4,0.1,100,3,0,10,0,0,0,0,0,0,0.3,0.5,0.7,1
10,0.5,10000,10,15,0.5,0.1,100,3,0,10,0,0,0,0,0,0,0.3,0.5,0.7,1
10,0.5,10000,10,15,0.6,0.1,100,3,0,10,0,0,0,0,0,0,0.3,0.5,0.7,1
10,0.5,10000,10,15,0.7,0.1,100,3,0,10,0,0,0,0,0,0,0.3,0.5,0.7,1
10,0.5,10000,10,15,0.8,0.1,100,3,0,10,0,0,0,0,0,0,0.3,0.5,0.7,1
10,0.5,10000,10,15,0.9,0.1,100,3,0,10,0,0,0,0,0,0,0.3,0.5,0.7,1
10,0.5,10000,10,15,1,0.1,100,3,0,10,0,0,0,0,0,0,0.4,0.6,0.8,1
10,0.5,10000,10,15,0.1,0.1,100,3,1,100,0,0,0,0,0,0,0.04,0.15,0.18,0.3
10,0.5,10000,10,15,0.2,0.1,100,3,1,100,0,0,0,0,0,0,0.04,0.15,0.18,0.3
10,0.5,10000,10,15,0.3,0.1,100,3,1,100,0,0,0,0,0,0,0.04,0.15,0.18,0.3
10,0.5,10000,10,15,0.4,0.1,100,3,1,100,0,0,0,0,0,0,0.04,0.15,0.18,0.3
10,0.5,10000,10,15,0.5,0.1,100,3,1,100,0,0,0,0,0,0,0.04,0.15,0.18,0.3
10,0.5,10000,10,15,0.6,0.1,100,3,1,100,0,0,0,0,0,0,0.04,0.15,0.18,0.3
10,0.5,10000,10,15,0.7,0.1,100,3,1,100,0,0,0,0,0,0,0.04,0.15,0.18,0.3
10,0.5,10000,10,15,0.8,0.1,100,3,1,100,0,0,0,0,0,0,0.04,0.15,0.18,0.3
10,0.5,10000,10,15,0.9,0.1,100,3,1,100,0,0,0,0,0,0,0.04,0.15,0.18,0.3
10,0.5,10000,10,15,1,0.1,100,3,1,100,0,0,0,0,0,0,0.04,0.15,0.18,0.3
10,0.5,10000,10,15,0.1,0.1,100,3,2,100,0,0,0,0,0,0,0.08,0.3,0.36,0.6
10,0.5,10000,10,15,0.2,0.1,100,3,2,100,0,0,0,0,0,0,0.08,0.3,0.36,0.6
10,0.5,10000,10,15,0.3,0.1,100,3,2,100,0,0,0,0,0,0,0.08,0.3,0.36,0.6
10,0.5,10000,10,15,0.4,0.1,100,3,2,100,0,0,0,0,0,0,0.08,0.3,0.36,0.6
10,0.5,10000,10,15,0.5,0.1,100,3,2,100,0,0,0,0,0,0,0.08,0.3,0.36,0.6
10,0.5,10000,10,15,0.6,0.1,100,3,2,100,0,0,0,0,0,0,0.08,0.3,0.36,0.6
10,0.5,10000,10,15,0.7,0.1,100,3,2,100,0,0,0,0,0,0,0.08,0.3,0.36,0.6
10,0.5,10000,10,15,0.8,0.1,100,3,2,100,0,0,0,0,0,0,0.08,0.3,0.36,0.6
10,0.5,10000,10,15,0.9,0.1,100,3,2,100,0,0,0,0,0,0,0.08,0.3,0.36,0.6
10,0.5,10000,10,15,1,0.1,100,3,2,100,0,0,0,0,0,0,0.08,0.3,0.36,0.6
10,0.5,10000,10,15,0.1,0.1,100,3,3,100,0,0,0,0,0,0,0.12,0.45,0.54,0.9
10,0.5,10000,10,15,0.2,0.1,100,3,3,100,0,0,0,0,0,0,0.12,0.45,0.54,0.9
10,0.5,10000,10,15,0.3,0.1,100,3,3,100,0,0,0,0,0,0,0.12,0.45,0.54,0.9
10,0.5,10000,10,15,0.4,0.1,100,3,3,100,0,0,0,0,0,0,0.12,0.45,0.54,0.9
10,0.5,10000,10,15,0.5,0.1,100,3,3,100,0,0,0,0,0,0,0.12,0.45,0.54,0.9
10,0.5,10000,10,15,0.6,0.1,100,3,3,100,0,0,0,0,0,0,0.12,0.45,0.54,0.9
10,0.5,10000,10,15,0.7,0.1,100,3,3,100,0,0,0,0,0,0,0.12,0.45,0.54,0.9
10,0.5,10000,10,15,0.8,0.1,100,3,3,100,0,0,0,0,0,0,0.12,0.45,0.54,0.9
10,0.5,10000,10,15,0.9,0.1,100,3,3,100,0,0,0,0,0,0,0.12,0.45,0.54,0.9
10,0.5,10000,10,15,1,0.1,100,3,3,100,0,0,0,0,0,0,0.12,0.45,0.54,0.9
10,0.5,10000,10,15,0.1,0.1,100,3,1,10,0,0,0,0,0,0,0.2,0.3,0.5,1
10,0.5,10000,10,15,0.2,0.1,100,3,1,10,0,0,0,0,0,0,0.2,0.3,0.5,1
10,0.5,10000,10,15,0.3,0.1,100,3,1,10,0,0,0,0,0,0,0.2,0.3,0.5,1
10,0.5,10000,10,15,0.4,0.1,100,3,1,10,0,0,0,0,0,0,0.2,0.3,0.5,1
10,0.5,10000,10,15,0.5,0.1,100,3,1,10,0,0,0,0,0,0,0.3,0.4,0.6,1
10,0.5,10000,10,15,0.6,0.1,100,3,1,10,0,0,0,0,0,0,0.3,0.4,0.6,1
10,0.5,10000,10,15,0.7,0.1,100,3,1,10,0,0,0,0,0,0,0.3,0.4,0.6,1
10,0.5,10000,10,15,0.8,0.1,100,3,1,10,0,0,0,0,0,0,0.3,0.4,0.6,1
10,0.5,10000,10,15,0.9,0.1,100,3,1,10,0,0,0,0,0,0,0.3,0.4,0.6,1
10,0.5,10000,10,15,1,0.1,100,3,1,10,0,0,0,0,0,0,0.4,0.5,0.7,1
10,0.5,10000,10,15,0.1,0.1,100,3,2,10,0,0,0,0,0,0,0.4,0.5,0.7,1
10,0.5,10000,10,15,0.2,0.1,100,3,2,10,0,0,0,0,0,0,0.5,0.6,0.8,1
10,0.5,10000,10,15,0.3,0.1,100,3,2,10,0,0,0,0,0,0,0.5,0.6,0.8,1
10,0.5,10000,10,15,0.4,0.1,100,3,2,10,0,0,0,0,0,0,0.5,0.6,0.8,1
10,0.5,10000,10,15,0.5,0.1,100,3,2,10,0,0,0,0,0,0,0.5,0.6,0.8,1
10,0.5,10000,10,15,0.6,0.1,100,3,2,10,0,0,0,0,0,0,0.5,0.6,0.8,1
10,0.5,10000,10,15,0.7,0.1,100,3,2,10,0,0,0,0,0,0,0.5,0.6,0.8,1
10,0.5,10000,10,15,0.8,0.1,100,3,2,10,0,0,0,0,0,0,0.5,0.6,0.8,1
10,0.5,10000,10,15,0.9,0.1,100,3,2,10,0,0,0,0,0,0,0.5,0.6,0.8,1
10,0.5,10000,10,15,1,0.1,100,3,2,10,0,0,0,0,0,0,0.5,0.7,0.9,1
10,0.5,10000,10,15,0.1,0.1,100,3,3,10,0,0,0,0,0,0,0.3,0.5,0.7,1
10,0.5,10000,10,15,0.2,0.1,100,3,3,10,0,0,0,0,0,0,0.4,0.6,0.7,1
10,0.5,10000,10,15,0.3,0.1,100,3,3,10,0,0,0,0,0,0,0.5,0.7,0.7,1
10,0.5,10000,10,15,0.4,0.1,100,3,3,10,0,0,0,0,0,0,0.5,0.7,0.7,1
10,0.5,10000,10,15,0.5,0.1,100,3,3,10,0,0,0,0,0,0,0.5,0.7,0.7,1
10,0.5,10000,10,15,0.6,0.1,100,3,3,10,0,0,0,0,0,0,0.5,0.7,0.7,1
10,0.5,10000,10,15,0.7,0.1,100,3,3,10,0,0,0,0,0,0,0.6,0.8,0.8,1
10,0.5,10000,10,15,0.8,0.1,100,3,3,10,0,0,0,0,0,0,0.6,0.8,0.8,1
10,0.5,10000,10,15,0.9,0.1,100,3,3,10,0,0,0,0,0,0,0.6,0.8,0.8,1
10,0.5,10000,10,15,1,0.1,100,3,3,10,0,0,0,0,0,0,0.7,0.9,0.9,1
10,0.5,10000,10,15,0.1,0.1,100,3,0,50,0,0,0,0,0,0,0.16,0.34,0.54,1
10,0.5,10000,10,15,0.2,0.1,100,3,0,50,0,0,0,0,0,0,0.16,0.34,0.54,1
10,0.5,10000,10,15,0.3,0.1,100,3,0,50,0,0,0,0,0,0,0.16,0.36,0.56,1
10,0.5,10000,10,15,0.4,0.1,100,3,0,50,0,0,0,0,0,0,0.16,0.36,0.56,1
10,0.5,10000,10,15,0.5,0.1,100,3,0,50,0,0,0,0,0,0,0.16,0.36,0.56,1
10,0.5,10000,10,15,0.6,0.1,100,3,0,50,0,0,0,0,0,0,0.16,0.36,0.56,1
10,0.5,10000,10,15,0.7,0.1,100,3,0,50,0,0,0,0,0,0,0.16,0.36,0.56,1
10,0.5,10000,10,15,0.8,0.1,100,3,0,50,0,0,0,0,0,0,0.16,0.36,0.56,1
10,0.5,10000,10,15,0.9,0.1,100,3,0,50,0,0,0,0,0,0,0.16,0.36,0.56,1
10,0.5,10000,10,15,1,0.1,100,3,0,50,0,0,0,0,0,0,0.16,0.36,0.56,1
10,0.5,10000,10,15,0.1,0.1,100,3,1,50,0,0,0,0,0,0,0.08,0.3,0.36,0.6
10,0.5,10000,10,15,0.2,0.1,100,3,1,50,0,0,0,0,0,0,0.08,0.3,0.36,0.6
10,0.5,10000,10,15,0.3,0.1,100,3,1,50,0,0,0,0,0,0,0.08,0.3,0.36,0.6
10,0.5,10000,10,15,0.4,0.1,100,3,1,50,0,0,0,0,0,0,0.08,0.3,0.36,0.6
10,0.5,10000,10,15,0.5,0.1,100,3,1,50,0,0,0,0,0,0,0.08,0.3,0.36,0.6
10,0.5,10000,10,15,0.6,0.1,100,3,1,50,0,0,0,0,0,0,0.08,0.3,0.36,0.6
10,0.5,10000,10,15,0.7,0.1,100,3,1,50,0,0,0,0,0,0,0.08,0.3,0.36,0.6
10,0.5,10000,10,15,0.8,0.1,100,3,1,50,0,0,0,0,0,0,0.08,0.3,0.36,0.6
10,0.5,10000,10,15,0.9,0.1,100,3,1,50,0,0,0,0,0,0,0.08,0.3,0.36,0.6
10,0.5,10000,10,15,1,0.1,100,3,1,50,0,0,0,0,0,0,0.08,0.3,0.36,0.6
10,0.5,10000,10,15,0.1,0.1,100,3,2,50,0,0,0,0,0,0,0.16,0.54,0.66,1
10,0.5,10000,10,15,0.2,0.1,100,3,2,50,0,0,0,0,0,0,0.16,0.54,0.66,1
10,0.5,10000,10,15,0.3,0.1,100,3,2,50,0,0,0,0,0,0,0.16,0.54,0.66,1
10,0.5,10000,10,15,0.4,0.1,100,3,2,50,0,0,0,0,0,0,0.16,0.56,0.68,1
10,0.5,10000,10,15,0.5,0.1,100,3,2,50,0,0,0,0,0,0,0.16,0.56,0.68,1
10,0.5,10000,10,15,0.6,0.1,100,3,2,50,0,0,0,0,0,0,0.16,0.56,0.68,1
10,0.5,10000,10,15,0.7,0.1,100,3,2,50,0,0,0,0,0,0,0.16,0.56,0.68,1
10,0.5,10000,10,15,0.8,0.1,100,3,2,50,0,0,0,0,0,0,0.16,0.56,0.68,1
10,0.5,10000,10,15,0.9,0.1,100,3,2,50,0,0,0,0,0,0,0.16,0.56,0.68,1
10,0.5,10000,10,15,1,0.1,100,3,2,50,0,0,0,0,0,0,0.16,0.56,0.68,1
10,0.5,10000,10,15,0.1,0.1,100,3,3,50,0,0,0,0,0,0,0.22,0.5,0.6,1
10,0.5,10000,10,15,0.2,0.1,100,3,3,50,0,0,0,0,0,0,0.22,0.5,0.6,1
10,0.5,10000,10,15,0.3,0.1,100,3,3,50,0,0,0,0,0,0,0.22,0.5,0.6,1
10,0.5,10000,10,15,0.4,0.1,100,3,3,50,0,0,0,0,0,0,0.22,0.5,0.6,1
10,0.5,10000,10,15,0.5,0.1,100,3,3,50,0,0,0,0,0,0,0.22,0.52,0.62,1
10,0.5,10000,10,15,0.6,0.1,100,3,3,50,0,0,0,0,0,0,0.22,0.52,0.62,1
10,0.5,10000,10,15,0.7,0.1,100,3,3,50,0,0,0,0,0,0,0.22,0.52,0.62,1
10,0.5,10000,10,15,0.8,0.1,100,3,3,50,0,0,0,0,0,0,0.22,0.52,0.62,1
10,0.5,10000,10,15,0.9,0.1,100,3,3,50,0,0,0,0,0,0,0.22,0.52,0.62,1
10,0.5,10000,10,15,1,0.1,100,3,3,50,0,0,0,0,0,0,0.22,0.52,0.62,1
10,0.5,10000,10,15,0.1,0.1,100,5,0,100,0,0,0,0,0,0,0.04,0.08,0.11,0.96
10,0.5,10000,10,15,0.2,0.1,100,5,0,100,0,0,0,0,0,0,0.04,0.08,0.11,0.96
10,0.5,10000,10,15,0.3,0.1,100,5,0,100,0,0,0,0,0,0,0.04,0.08,0.12,0.96
10,0.5,10000,10,15,0.4,0.1,100,5,0,100,0,0,0,0,0,0,0.04,0.08,0.12,0.96
10,0.5,10000,10,15,0.5,0.1,100,5,0,100,0,0,0,0,0,0,0.04,0.08,0.12,0.96
10,0.5,10000,10,15,0.6,0.1,100,5,0,100,0,0,0,0,0,0,0.04,0.08,0.12,0.96
10,0.5,10000,10,15,0.7,0.1,100,5,0,100,0,0,0,0,0,0,0.04,0.08,0.12,0.96
10,0.5,10000,10,15,0.8,0.1,100,5,0,100,0,0,0,0,0,0,0.04,0.08,0.12,0.96
10,0.5,10000,10,15,0.9,0.1,100,5,0,100,0,0,0,0,0,0,0.04,0.08,0.12,0.96
10,0.5,10000,10,15,0.1,0.1,100,5,0,10,0,0,0,0,0,0,0,0,0.1,0.9
10,0.5,10000,10,15,1,0.1,100,5,0,100,0,0,0,0,0,0,0.05,0.09,0.13,0.96
10,0.5,10000,10,15,0.2,0.1,100,5,0,10,0,0,0,0,0,0,0,0,0.1,0.9
10,0.5,10000,10,15,0.3,0.1,100,5,0,10,0,0,0,0,0,0,0,0.1,0.2,0.9
10,0.5,10000,10,15,0.4,0.1,100,5,0,10,0,0,0,0,0,0,0,0.1,0.2,0.9
10,0.5,10000,10,15,0.5,0.1,100,5,0,10,0,0,0,0,0,0,0,0.1,0.2,0.9
10,0.5,10000,10,15,0.6,0.1,100,5,0,10,0,0,0,0,0,0,0,0.1,0.2,0.9
10,0.5,10000,10,15,0.7,0.1,100,5,0,10,0,0,0,0,0,0,0,0.1,0.2,0.9
10,0.5,10000,10,15,0.8,0.1,100,5,0,10,0,0,0,0,0,0,0,0.1,0.2,0.9
10,0.5,10000,10,15,0.9,0.1,100,5,0,10,0,0,0,0,0,0,0,0.1,0.2,0.9
10,0.5,10000,10,15,1,0.1,100,5,0,10,0,0,0,0,0,0,0,0.1,0.2,0.9
10,0.5,10000,10,15,0.1,0.1,100,5,1,100,0,0,0,0,0,0,0.02,0.14,0.2,1
10,0.5,10000,10,15,0.2,0.1,100,5,1,100,0,0,0,0,0,0,0.02,0.14,0.2,1
10,0.5,10000,10,15,0.3,0.1,100,5,1,100,0,0,0,0,0,0,0.02,0.14,0.2,1
10,0.5,10000,10,15,0.4,0.1,100,5,1,100,0,0,0,0,0,0,0.02,0.14,0.2,1
10,0.5,10000,10,15,0.5,0.1,100,5,1,100,0,0,0,0,0,0,0.02,0.14,0.2,1
10,0.5,10000,10,15,0.6,0.1,100,5,1,100,0,0,0,0,0,0,0.02,0.14,0.2,1
10,0.5,10000,10,15,0.7,0.1,100,5,1,100,0,0,0,0,0,0,0.02,0.14,0.2,1
10,0.5,10000,10,15,0.8,0.1,100,5,1,100,0,0,0,0,0,0,0.02,0.14,0.2,1
10,0.5,10000,10,15,0.9,0.1,100,5,1,100,0,0,0,0,0,0,0.02,0.14,0.2,1
10,0.5,10000,10,15,1,0.1,100,5,1,100,0,0,0,0,0,0,0.02,0.14,0.2,1
10,0.5,10000,10,15,0.1,0.1,100,5,2,100,0,0,0,0,0.01,0.02,0.08,0.16,0.23,0.98
10,0.5,10000,10,15,0.2,0.1,100,5,2,100,0,0,0,0,0.01,0.02,0.08,0.16,0.23,0.98
10,0.5,10000,10,15,0.3,0.1,100,5,2,100,0,0,0,0,0.01,0.02,0.08,0.16,0.24,0.98
10,0.5,10000,10,15,0.4,0.1,100,5,2,100,0,0,0,0,0.01,0.02,0.08,0.16,0.24,0.98
10,0.5,10000,10,15,0.5,0.1,100,5,2,100,0,0,0,0,0.01,0.02,0.08,0.16,0.24,0.98
10,0.5,10000,10,15,0.6,0.1,100,5,2,100,0,0,0,0,0.01,0.02,0.08,0.16,0.24,0.98
10,0.5,10000,10,15,0.7,0.1,100,5,2,100,0,0,0,0,0.01,0.02,0.08,0.16,0.24,0.98
10,0.5,10000,10,15,0.8,0.1,100,5,2,100,0,0,0,0,0.01,0.02,0.08,0.16,0.24,0.98
10,0.5,10000,10,15,0.9,0.1,100,5,2,100,0,0,0,0,0.01,0.02,0.08,0.16,0.24,0.98
10,0.5,10000,10,15,1,0.1,100,5,2,100,0,0,0,0,0.01,0.02,0.08,0.16,0.24,0.98
10,0.5,10000,10,15,0.1,0.1,100,5,3,100,0,0,0,0,0.01,0.01,0.09,0.14,0.25,0.99
10,0.5,10000,10,15,0.2,0.1,100,5,3,100,0,0,0,0,0.01,0.02,0.1,0.15,0.26,0.99
10,0.5,10000,10,15,0.3,0.1,100,5,3,100,0,0,0,0,0.01,0.02,0.1,0.15,0.26,0.99
10,0.5,10000,10,15,0.4,0.1,100,5,3,100,0,0,0,0,0.01,0.02,0.1,0.15,0.26,0.99
10,0.5,10000,10,15,0.5,0.1,100,5,3,100,0,0,0,0,0.01,0.02,0.1,0.15,0.26,0.99
10,0.5,10000,10,15,0.6,0.1,100,5,3,100,0,0,0,0,0.01,0.02,0.1,0.15,0.26,0.99
10,0.5,10000,10,15,0.7,0.1,100,5,3,100,0,0,0,0,0.01,0.02,0.1,0.15,0.26,0.99
10,0.5,10000,10,15,0.8,0.1,100,5,3,100,0,0,0,0,0.01,0.02,0.1,0.15,0.26,0.99
10,0.5,10000,10,15,0.9,0.1,100,5,3,100,0,0,0,0,0.01,0.02,0.1,0.15,0.26,0.99
10,0.5,10000,10,15,1,0.1,100,5,3,100,0,0,0,0,0.01,0.02,0.1,0.15,0.26,0.99
10,0.5,10000,10,15,0.1,0.1,100,5,4,100,0,0,0,0,0.01,0.01,0.1,0.14,0.26,0.99
10,0.5,10000,10,15,0.2,0.1,100,5,4,100,0,0,0,0,0.01,0.01,0.1,0.14,0.26,0.99
10,0.5,10000,10,15,0.3,0.1,100,5,4,100,0,0,0,0,0.01,0.01,0.1,0.14,0.26,0.99
10,0.5,10000,10,15,0.4,0.1,100,5,4,100,0,0,0,0,0.01,0.01,0.1,0.14,0.26,0.99
10,0.5,10000,10,15,0.5,0.1,100,5,4,100,0,0,0,0,0.01,0.01,0.1,0.14,0.26,0.99
10,0.5,10000,10,15,0.6,0.1,100,5,4,100,0,0,0,0,0.01,0.01,0.1,0.14,0.26,0.99
10,0.5,10000,10,15,0.7,0.1,100,5,4,100,0,0,0,0,0.01,0.01,0.1,0.14,0.26,0.99
10,0.5,10000,10,15,0.8,0.1,100,5,4,100,0,0,0,0,0.01,0.01,0.1,0.14,0.26,1
10,0.5,10000,10,15,0.9,0.1,100,5,4,100,0,0,0,0,0.01,0.01,0.1,0.14,0.26,1
10,0.5,10000,10,15,1,0.1,100,5,4,100,0,0,0,0,0.01,0.01,0.1,0.15,0.27,1
10,0.5,10000,10,15,0.1,0.1,100,5,5,100,0,0,0,0,0.01,0.03,0.1,0.15,0.25,0.98
10,0.5,10000,10,15,0.2,0.1,100,5,5,100,0,0,0,0,0.01,0.03,0.1,0.15,0.25,0.98
10,0.5,10000,10,15,0.3,0.1,100,5,5,100,0,0,0,0,0.01,0.03,0.1,0.15,0.25,0.98
10,0.5,10000,10,15,0.4,0.1,100,5,5,100,0,0,0,0,0.01,0.03,0.1,0.15,0.25,0.98
10,0.5,10000,10,15,0.5,0.1,100,5,5,100,0,0,0,0,0.01,0.03,0.1,0.15,0.25,0.98
10,0.5,10000,10,15,0.6,0.1,100,5,5,100,0,0,0,0,0.01,0.03,0.1,0.15,0.25,0.98
10,0.5,10000,10,15,0.7,0.1,100,5,5,100,0,0,0,0,0.01,0.03,0.1,0.15,0.25,0.98
10,0.5,10000,10,15,0.8,0.1,100,5,5,100,0,0,0,0,0.01,0.03,0.1,0.15,0.25,0.98
10,0.5,10000,10,15,0.9,0.1,100,5,5,100,0,0,0,0,0.01,0.03,0.1,0.15,0.25,0.98
10,0.5,10000,10,15,1,0.1,100,5,5,100,0,0,0,0,0.01,0.03,0.1,0.15,0.25,0.98
10,0.5,10000,10,15,0.1,0.1,100,5,1,10,0,0,0,0,0,0,0,0.2,0.3,1
10,0.5,10000,10,15,0.2,0.1,100,5,1,10,0,0,0,0,0,0,0,0.2,0.3,1
10,0.5,10000,10,15,0.3,0.1,100,5,1,10,0,0,0,0,0,0,0,0.2,0.3,1
10,0.5,10000,10,15,0.4,0.1,100,5,1,10,0,0,0,0,0,0,0,0.2,0.3,1
10,0.5,10000,10,15,0.5,0.1,100,5,1,10,0,0,0,0,0,0,0,0.2,0.3,1
10,0.5,10000,10,15,0.6,0.1,100,5,1,10,0,0,0,0,0,0,0,0.2,0.3,1
10,0.5,10000,10,15,0.7,0.1,100,5,1,10,0,0,0,0,0,0,0,0.2,0.3,1
10,0.5,10000,10,15,0.8,0.1,100,5,1,10,0,0,0,0,0,0,0,0.2,0.3,1
10,0.5,10000,10,15,0.9,0.1,100,5,1,10,0,0,0,0,0,0,0,0.2,0.3,1
10,0.5,10000,10,15,1,0.1,100,5,1,10,0,0,0,0,0,0,0,0.2,0.3,1
10,0.5,10000,10,15,0.1,0.1,100,5,2,10,0,0,0,0,0,0,0.1,0.2,0.2,1
10,0.5,10000,10,15,0.2,0.1,100,5,2,10,0,0,0,0,0,0,0.1,0.2,0.2,1
10,0.5,10000,10,15,0.3,0.1,100,5,2,10,0,0,0,0,0,0,0.1,0.2,0.2,1
10,0.5,10000,10,15,0.4,0.1,100,5,2,10,0,0,0,0,0,0,0.1,0.2,0.2,1
10,0.5,10000,10,15,0.5,0.1,100,5,2,10,0,0,0,0,0,0,0.1,0.2,0.2,1
10,0.5,10000,10,15,0.6,0.1,100,5,2,10,0,0,0,0,0,0,0.1,0.2,0.2,1
10,0.5,10000,10,15,0.7,0.1,100,5,2,10,0,0,0,0,0,0,0.1,0.2,0.2,1
10,0.5,10000,10,15,0.8,0.1,100,5,2,10,0,0,0,0,0,0,0.1,0.3,0.3,1
10,0.5,10000,10,15,0.9,0.1,100,5,2,10,0,0,0,0,0,0,0.1,0.3,0.3,1
10,0.5,10000,10,15,1,0.1,100,5,2,10,0,0,0,0,0,0,0.1,0.2,0.3,1
10,0.5,10000,10,15,0.1,0.1,100,5,3,10,0,0,0,0,0,0,0.1,0.2,0.3,1
10,0.5,10000,10,15,0.2,0.1,100,5,3,10,0,0,0,0,0,0,0.1,0.2,0.3,1
10,0.5,10000,10,15,0.3,0.1,100,5,3,10,0,0,0,0,0,0,0.1,0.2,0.3,1
10,0.5,10000,10,15,0.4,0.1,100,5,3,10,0,0,0,0,0,0,0.1,0.2,0.3,1
10,0.5,10000,10,15,0.5,0.1,100,5,3,10,0,0,0,0,0,0,0.1,0.2,0.3,1
10,0.5,10000,10,15,0.6,0.1,100,5,3,10,0,0,0,0,0,0,0.1,0.2,0.3,1
10,0.5,10000,10,15,0.7,0.1,100,5,3,10,0,0,0,0,0,0,0.1,0.2,0.3,1
10,0.5,10000,10,15,0.8,0.1,100,5,3,10,0,0,0,0,0,0,0.1,0.2,0.3,1
10,0.5,10000,10,15,0.9,0.1,100,5,3,10,0,0,0,0,0,0,0.1,0.2,0.3,1
10,0.5,10000,10,15,1,0.1,100,5,3,10,0,0,0,0,0,0,0.1,0.2,0.3,1
10,0.5,10000,10,15,0.1,0.1,100,5,4,10,0,0,0,0,0,0,0,0.1,0.1,1
10,0.5,10000,10,15,0.2,0.1,100,5,4,10,0,0,0,0,0,0,0,0.1,0.1,1
10,0.5,10000,10,15,0.3,0.1,100,5,4,10,0,0,0,0,0,0,0.1,0.2,0.2,1
10,0.5,10000,10,15,0.4,0.1,100,5,4,10,0,0,0,0,0,0,0.1,0.2,0.3,1
10,0.5,10000,10,15,0.5,0.1,100,5,4,10,0,0,0,0,0,0,0.1,0.2,0.3,1
10,0.5,10000,10,15,0.6,0.1,100,5,4,10,0,0,0,0,0,0,0.1,0.2,0.3,1
10,0.5,10000,10,15,0.7,0.1,100,5,4,10,0,0,0,0,0,0,0.1,0.2,0.3,1
10,0.5,10000,10,15,0.8,0.1,100,5,4,10,0,0,0,0,0,0,0.1,0.2,0.3,1
10,0.5,10000,10,15,0.9,0.1,100,5,4,10,0,0,0,0,0,0,0.1,0.2,0.3,1
10,0.5,10000,10,15,1,0.1,100,5,4,10,0,0,0,0,0,0,0.1,0.2,0.3,1
10,0.5,10000,10,15,0.1,0.1,100,5,5,10,0,0,0,0,0,0,0,0.2,0.2,1
10,0.5,10000,10,15,0.2,0.1,100,5,5,10,0,0,0,0,0,0,0,0.2,0.2,1
10,0.5,10000,10,15,0.3,0.1,100,5,5,10,0,0,0,0,0,0,0.1,0.3,0.3,1
10,0.5,10000,10,15,0.4,0.1,100,5,5,10,0,0,0,0,0,0,0.1,0.3,0.3,1
10,0.5,10000,10,15,0.5,0.1,100,5,5,10,0,0,0,0,0,0,0.1,0.3,0.3,1
10,0.5,10000,10,15,0.6,0.1,100,5,5,10,0,0,0,0,0,0,0.1,0.3,0.3,1
10,0.5,10000,10,15,0.7,0.1,100,5,5,10,0,0,0,0,0,0,0.1,0.2,0.3,1
10,0.5,10000,10,15,0.8,0.1,100,5,5,10,0,0,0,0,0,0,0.1,0.2,0.3,1
10,0.5,10000,10,15,0.9,0.1,100,5,5,10,0,0,0,0,0,0,0.1,0.2,0.3,1
10,0.5,10000,10,15,1,0.1,100,5,5,10,0,0,0,0,0,0,0.1,0.2,0.3,1
10,0.5,10000,10,15,0.1,0.1,100,5,0,50,0,0,0,0,0,0,0.02,0.06,0.08,0.96
10,0.5,10000,10,15,0.2,0.1,100,5,0,50,0,0,0,0,0,0,0.02,0.06,0.08,0.96
10,0.5,10000,10,15,0.3,0.1,100,5,0,50,0,0,0,0,0,0,0.02,0.06,0.08,0.96
10,0.5,10000,10,15,0.4,0.1,100,5,0,50,0,0,0,0,0,0,0.02,0.06,0.08,0.96
10,0.5,10000,10,15,0.5,0.1,100,5,0,50,0,0,0,0,0,0,0.02,0.06,0.08,0.96
10,0.5,10000,10,15,0.6,0.1,100,5,0,50,0,0,0,0,0,0,0.02,0.06,0.08,0.96
10,0.5,10000,10,15,0.7,0.1,100,5,0,50,0,0,0,0,0,0,0.02,0.06,0.08,0.96
10,0.5,10000,10,15,0.8,0.1,100,5,0,50,0,0,0,0,0,0,0.02,0.06,0.08,0.96
10,0.5,10000,10,15,0.9,0.1,100,5,0,50,0,0,0,0,0,0,0.02,0.06,0.08,0.96
10,0.5,10000,10,15,1,0.1,100,5,0,50,0,0,0,0,0,0,0.04,0.08,0.1,0.96
10,0.5,10000,10,15,0.1,0.1,100,5,1,50,0,0,0,0,0,0,0.04,0.12,0.18,1
10,0.5,10000,10,15,0.2,0.1,100,5,1,50,0,0,0,0,0,0,0.04,0.12,0.18,1
10,0.5,10000,10,15,0.3,0.1,100,5,1,50,0,0,0,0,0,0,0.04,0.12,0.2,1
10,0.5,10000,10,15,0.4,0.1,100,5,1,50,0,0,0,0,0,0,0.04,0.12,0.2,1
10,0.5,10000,10,15,0.5,0.1,100,5,1,50,0,0,0,0,0,0,0.04,0.12,0.2,1
10,0.5,10000,10,15,0.6,0.1,100,5,1,50,0,0,0,0,0,0,0.04,0.12,0.2,1
10,0.5,10000,10,15,0.7,0.1,100,5,1,50,0,0,0,0,0,0,0.04,0.12,0.2,1
10,0.5,10000,10,15,0.8,0.1,100,5,1,50,0,0,0,0,0,0,0.04,0.12,0.2,1
10,0.5,10000,10,15,0.9,0.1,100,5,1,50,0,0,0,0,0,0,0.04,0.12,0.2,1
10,0.5,10000,10,15,1,0.1,100,5,1,50,0,0,0,0,0,0,0.04,0.12,0.2,1
10,0.5,10000,10,15,0.1,0.1,100,5,2,50,0,0,0,0,0.02,0.02,0.06,0.12,0.24,1
10,0.5,10000,10,15,0.2,0.1,100,5,2,50,0,0,0,0,0.02,0.02,0.06,0.12,0.24,1
10,0.5,10000,10,15,0.3,0.1,100,5,2,50,0,0,0,0,0.02,0.02,0.06,0.12,0.24,1
10,0.5,10000,10,15,0.4,0.1,100,5,2,50,0,0,0,0,0.02,0.02,0.08,0.14,0.26,1
10,0.5,10000,10,15,0.5,0.1,100,5,2,50,0,0,0,0,0.02,0.02,0.08,0.14,0.26,1
10,0.5,10000,10,15,0.6,0.1,100,5,2,50,0,0,0,0,0.02,0.02,0.08,0.14,0.26,1
10,0.5,10000,10,15,0.7,0.1,100,5,2,50,0,0,0,0,0.02,0.02,0.1,0.16,0.28,1
10,0.5,10000,10,15,0.8,0.1,100,5,2,50,0,0,0,0,0.02,0.02,0.1,0.16,0.28,1
10,0.5,10000,10,15,0.9,0.1,100,5,2,50,0,0,0,0,0.02,0.02,0.1,0.16,0.28,1
10,0.5,10000,10,15,1,0.1,100,5,2,50,0,0,0,0,0.02,0.02,0.1,0.16,0.28,1
10,0.5,10000,10,15,0.1,0.1,100,5,3,50,0,0,0,0,0.02,0.02,0.1,0.16,0.32,1
10,0.5,10000,10,15,0.2,0.1,100,5,3,50,0,0,0,0,0.02,0.02,0.1,0.16,0.32,1
10,0.5,10000,10,15,0.3,0.1,100,5,3,50,0,0,0,0,0.02,0.02,0.1,0.16,0.32,1
10,0.5,10000,10,15,0.4,0.1,100,5,3,50,0,0,0,0,0.02,0.02,0.1,0.16,0.32,1
10,0.5,10000,10,15,0.5,0.1,100,5,3,50,0,0,0,0,0.02,0.02,0.1,0.16,0.32,1
10,0.5,10000,10,15,0.6,0.1,100,5,3,50,0,0,0,0,0.02,0.02,0.1,0.16,0.32,1
10,0.5,10000,10,15,0.7,0.1,100,5,3,50,0,0,0,0,0.02,0.02,0.1,0.16,0.32,1
10,0.5,10000,10,15,0.8,0.1,100,5,3,50,0,0,0,0,0.02,0.02,0.1,0.16,0.32,1
10,0.5,10000,10,15,0.9,0.1,100,5,3,50,0,0,0,0,0.02,0.02,0.1,0.16,0.32,1
10,0.5,10000,10,15,1,0.1,100,5,3,50,0,0,0,0,0.02,0.02,0.1,0.16,0.32,1
10,0.5,10000,10,15,0.1,0.1,100,5,4,50,0,0,0,0,0.02,0.02,0.08,0.14,0.28,1
10,0.5,10000,10,15,0.2,0.1,100,5,4,50,0,0,0,0,0.02,0.02,0.08,0.14,0.28,1
10,0.5,10000,10,15,0.3,0.1,100,5,4,50,0,0,0,0,0.02,0.02,0.08,0.14,0.28,1
10,0.5,10000,10,15,0.4,0.1,100,5,4,50,0,0,0,0,0.02,0.02,0.08,0.14,0.28,1
10,0.5,10000,10,15,0.5,0.1,100,5,4,50,0,0,0,0,0.02,0.02,0.1,0.16,0.3,1
10,0.5,10000,10,15,0.6,0.1,100,5,4,50,0,0,0,0,0.02,0.02,0.1,0.16,0.3,1
10,0.5,10000,10,15,0.7,0.1,100,5,4,50,0,0,0,0,0.02,0.02,0.1,0.16,0.3,1
10,0.5,10000,10,15,0.8,0.1,100,5,4,50,0,0,0,0,0.02,0.02,0.12,0.18,0.32,1
10,0.5,10000,10,15,0.9,0.1,100,5,4,50,0,0,0,0,0.02,0.02,0.12,0.18,0.32,1
10,0.5,10000,10,15,1,0.1,100,5,4,50,0,0,0,0,0.02,0.02,0.12,0.18,0.32,1
10,0.5,10000,10,15,0.1,0.1,100,5,5,50,0,0,0,0,0.02,0.04,0.1,0.18,0.32,1
10,0.5,10000,10,15,0.2,0.1,100,5,5,50,0,0,0,0,0.02,0.04,0.1,0.18,0.34,1
10,0.5,10000,10,15,0.3,0.1,100,5,5,50,0,0,0,0,0.02,0.04,0.1,0.18,0.34,1
10,0.5,10000,10,15,0.4,0.1,100,5,5,50,0,0,0,0,0.02,0.04,0.1,0.18,0.34,1
10,0.5,10000,10,15,0.5,0.1,100,5,5,50,0,0,0,0,0.02,0.04,0.1,0.18,0.34,1
10,0.5,10000,10,15,0.6,0.1,100,5,5,50,0,0,0,0,0.02,0.04,0.1,0.18,0.34,1
10,0.5,10000,10,15,0.7,0.1,100,5,5,50,0,0,0,0,0.02,0.04,0.1,0.18,0.34,1
10,0.5,10000,10,15,0.8,0.1,100,5,5,50,0,0,0,0,0.02,0.04,0.1,0.18,0.34,1
10,0.5,10000,10,15,0.9,0.1,100,5,5,50,0,0,0,0,0.02,0.04,0.1,0.18,0.34,1
10,0.5,10000,10,15,1,0.1,100,5,5,50,0,0,0,0,0.02,0.04,0.1,0.18,0.34,1
10,0.5,10000,10,15,0.1,0.1,100,7,0,100,0.01,0.01,0.01,0.01,0.01,0.01,0.01,0.04,0.09,0.41
10,0.5,10000,10,15,0.2,0.1,100,7,0,100,0.01,0.01,0.01,0.01,0.01,0.01,0.01,0.04,0.09,0.41
10,0.5,10000,10,15,0.3,0.1,100,7,0,100,0.01,0.01,0.01,0.01,0.01,0.01,0.01,0.04,0.09,0.41
10,0.5,10000,10,15,0.4,0.1,100,7,0,100,0.01,0.01,0.01,0.01,0.01,0.01,0.01,0.04,0.09,0.41
10,0.5,10000,10,15,0.5,0.1,100,7,0,100,0.01,0.01,0.01,0.01,0.01,0.01,0.01,0.04,0.09,0.41
10,0.5,10000,10,15,0.6,0.1,100,7,0,100,0.01,0.01,0.01,0.01,0.01,0.01,0.01,0.04,0.09,0.41
10,0.5,10000,10,15,0.7,0.1,100,7,0,100,0.01,0.01,0.01,0.01,0.01,0.01,0.01,0.04,0.09,0.41
10,0.5,10000,10,15,0.8,0.1,100,7,0,100,0.01,0.01,0.01,0.01,0.01,0.01,0.01,0.04,0.09,0.41
10,0.5,10000,10,15,0.9,0.1,100,7,0,100,0.01,0.01,0.01,0.01,0.01,0.01,0.01,0.04,0.09,0.41
10,0.5,10000,10,15,1,0.1,100,7,0,100,0.01,0.01,0.01,0.01,0.01,0.01,0.01,0.04,0.09,0.41
10,0.5,10000,10,15,0.1,0.1,100,7,0,10,0,0,0,0,0,0,0,0,0.1,0.3
10,0.5,10000,10,15,0.2,0.1,100,7,0,10,0,0,0,0,0,0,0,0,0.1,0.3
10,0.5,10000,10,15,0.3,0.1,100,7,0,10,0,0,0,0,0,0,0,0,0.1,0.3
10,0.5,10000,10,15,0.4,0.1,100,7,0,10,0,0,0,0,0,0,0,0,0.1,0.3
10,0.5,10000,10,15,0.5,0.1,100,7,0,10,0,0,0,0,0,0,0,0,0.1,0.3
10,0.5,10000,10,15,0.6,0.1,100,7,0,10,0,0,0,0,0,0,0,0,0.1,0.3
10,0.5,10000,10,15,0.7,0.1,100,7,0,10,0,0,0,0,0,0,0,0,0.1,0.3
10,0.5,10000,10,15,0.8,0.1,100,7,0,10,0,0,0,0,0,0,0,0,0.1,0.3
10,0.5,10000,10,15,0.9,0.1,100,7,0,10,0,0,0,0,0,0,0,0,0.1,0.3
10,0.5,10000,10,15,1,0.1,100,7,0,10,0,0,0,0,0,0,0,0,0.1,0.3
10,0.5,10000,10,15,0.1,0.1,100,7,1,100,0.01,0.01,0.01,0.01,0.01,0.02,0.04,0.06,0.06,0.46
10,0.5,10000,10,15,0.2,0.1,100,7,1,100,0.01,0.01,0.01,0.01,0.01,0.02,0.04,0.06,0.06,0.46
10,0.5,10000,10,15,0.3,0.1,100,7,1,100,0.01,0.01,0.01,0.01,0.01,0.02,0.04,0.06,0.06,0.46
10,0.5,10000,10,15,0.4,0.1,100,7,1,100,0.01,0.01,0.01,0.01,0.01,0.02,0.04,0.06,0.06,0.46
10,0.5,10000,10,15,0.5,0.1,100,7,1,100,0.01,0.01,0.01,0.01,0.01,0.02,0.04,0.06,0.06,0.46
10,0.5,10000,10,15,0.6,0.1,100,7,1,100,0.01,0.01,0.01,0.01,0.01,0.02,0.04,0.06,0.06,0.46
10,0.5,10000,10,15,0.7,0.1,100,7,1,100,0.01,0.01,0.01,0.01,0.01,0.02,0.04,0.06,0.06,0.46
10,0.5,10000,10,15,0.8,0.1,100,7,1,100,0.01,0.01,0.01,0.01,0.01,0.02,0.04,0.06,0.06,0.46
10,0.5,10000,10,15,0.9,0.1,100,7,1,100,0.01,0.01,0.01,0.01,0.01,0.02,0.04,0.06,0.06,0.46
10,0.5,10000,10,15,1,0.1,100,7,1,100,0.01,0.01,0.01,0.01,0.01,0.02,0.04,0.06,0.06,0.46
10,0.5,10000,10,15,0.1,0.1,100,7,2,100,0,0,0,0,0,0.02,0.04,0.05,0.06,0.4
10,0.5,10000,10,15,0.2,0.1,100,7,2,100,0,0,0,0,0,0.02,0.04,0.05,0.06,0.4
10,0.5,10000,10,15,0.3,0.1,100,7,2,100,0,0,0,0,0,0.02,0.04,0.05,0.06,0.4
10,0.5,10000,10,15,0.4,0.1,100,7,2,100,0,0,0,0,0,0.02,0.05,0.06,0.07,0.41
10,0.5,10000,10,15,0.5,0.1,100,7,2,100,0,0,0,0,0,0.02,0.05,0.06,0.07,0.41
10,0.5,10000,10,15,0.6,0.1,100,7,2,100,0,0,0,0,0,0.02,0.05,0.06,0.07,0.41
10,0.5,10000,10,15,0.7,0.1,100,7,2,100,0,0,0,0,0,0.02,0.05,0.06,0.07,0.41
10,0.5,10000,10,15,0.8,0.1,100,7,2,100,0,0,0,0,0,0.02,0.05,0.06,0.07,0.41
10,0.5,10000,10,15,0.9,0.1,100,7,2,100,0,0,0,0,0,0.02,0.05,0.06,0.07,0.41
10,0.5,10000,10,15,1,0.1,100,7,2,100,0,0,0,0,0,0.02,0.05,0.06,0.07,0.41
10,0.5,10000,10,15,0.1,0.1,100,7,3,100,0,0,0,0,0,0,0.01,0.04,0.04,0.46
10,0.5,10000,10,15,0.2,0.1,100,7,3,100,0,0,0,0,0,0,0.01,0.04,0.04,0.46
10,0.5,10000,10,15,0.3,0.1,100,7,3,100,0,0,0,0,0,0,0.01,0.04,0.04,0.46
10,0.5,10000,10,15,0.4,0.1,100,7,3,100,0,0,0,0,0,0,0.01,0.04,0.04,0.46
10,0.5,10000,10,15,0.5,0.1,100,7,3,100,0,0,0,0,0,0,0.01,0.04,0.04,0.46
10,0.5,10000,10,15,0.6,0.1,100,7,3,100,0,0,0,0,0,0,0.01,0.04,0.04,0.46
10,0.5,10000,10,15,0.7,0.1,100,7,3,100,0,0,0,0,0,0,0.01,0.04,0.04,0.46
10,0.5,10000,10,15,0.8,0.1,100,7,3,100,0,0,0,0,0,0,0.01,0.04,0.04,0.46
10,0.5,10000,10,15,0.9,0.1,100,7,3,100,0,0,0,0,0,0,0.01,0.04,0.04,0.46
10,0.5,10000,10,15,1,0.1,100,7,3,100,0,0,0,0,0,0,0.01,0.04,0.04,0.46
10,0.5,10000,10,15,0.1,0.1,100,7,4,100,0,0,0,0,0,0.01,0.02,0.05,0.06,0.43
10,0.5,10000,10,15,0.2,0.1,100,7,4,100,0,0,0,0,0,0.01,0.02,0.05,0.06,0.43
10,0.5,10000,10,15,0.3,0.1,100,7,4,100,0,0,0,0,0,0.01,0.02,0.05,0.06,0.43
10,0.5,10000,10,15,0.4,0.1,100,7,4,100,0,0,0,0,0,0.01,0.02,0.05,0.06,0.43
10,0.5,10000,10,15,0.5,0.1,100,7,4,100,0,0,0,0,0,0.01,0.02,0.05,0.06,0.43
10,0.5,10000,10,15,0.6,0.1,100,7,4,100,0,0,0,0,0,0.01,0.02,0.05,0.06,0.43
10,0.5,10000,10,15,0.7,0.1,100,7,4,100,0,0,0,0,0,0.01,0.02,0.05,0.06,0.43
10,0.5,10000,10,15,0.8,0.1,100,7,4,100,0,0,0,0,0,0.01,0.02,0.05,0.06,0.43
10,0.5,10000,10,15,0.9,0.1,100,7,4,100,0,0,0,0,0,0.01,0.02,0.05,0.06,0.43
10,0.5,10000,10,15,1,0.1,100,7,4,100,0,0,0,0,0,0.01,0.02,0.05,0.06,0.43
10,0.5,10000,10,15,0.1,0.1,100,7,5,100,0,0,0,0,0,0.01,0.02,0.04,0.05,0.37
10,0.5,10000,10,15,0.2,0.1,100,7,5,100,0,0,0,0,0,0.01,0.02,0.04,0.05,0.37
10,0.5,10000,10,15,0.3,0.1,100,7,5,100,0,0,0,0,0,0.01,0.02,0.04,0.05,0.37
10,0.5,10000,10,15,0.4,0.1,100,7,5,100,0,0,0,0,0,0.01,0.02,0.04,0.05,0.37
10,0.5,10000,10,15,0.5,0.1,100,7,5,100,0,0,0,0,0,0.01,0.02,0.04,0.05,0.37
10,0.5,10000,10,15,0.6,0.1,100,7,5,100,0,0,0,0,0,0.01,0.02,0.04,0.05,0.37
10,0.5,10000,10,15,0.7,0.1,100,7,5,100,0,0,0,0,0,0.01,0.02,0.04,0.05,0.37
10,0.5,10000,10,15,0.8,0.1,100,7,5,100,0,0,0,0,0,0.01,0.02,0.04,0.05,0.38
10,0.5,10000,10,15,0.9,0.1,100,7,5,100,0,0,0,0,0,0.01,0.02,0.04,0.05,0.38
10,0.5,10000,10,15,1,0.1,100,7,5,100,0,0,0,0,0,0.01,0.02,0.05,0.06,0.38
10,0.5,10000,10,15,0.1,0.1,100,7,6,100,0,0,0,0,0,0.01,0.01,0.03,0.05,0.38
10,0.5,10000,10,15,0.2,0.1,100,7,6,100,0,0,0,0,0,0.01,0.01,0.03,0.05,0.38
10,0.5,10000,10,15,0.3,0.1,100,7,6,100,0,0,0,0,0,0.01,0.01,0.03,0.05,0.38
10,0.5,10000,10,15,0.4,0.1,100,7,6,100,0,0,0,0,0,0.01,0.01,0.03,0.05,0.38
10,0.5,10000,10,15,0.5,0.1,100,7,6,100,0,0,0,0,0,0.01,0.01,0.03,0.05,0.38
10,0.5,10000,10,15,0.6,0.1,100,7,6,100,0,0,0,0,0,0.01,0.01,0.03,0.05,0.38
10,0.5,10000,10,15,0.7,0.1,100,7,6,100,0,0,0,0,0,0.01,0.01,0.03,0.05,0.38
10,0.5,10000,10,15,0.8,0.1,100,7,6,100,0,0,0,0,0,0.01,0.01,0.03,0.05,0.38
10,0.5,10000,10,15,0.9,0.1,100,7,6,100,0,0,0,0,0,0.01,0.01,0.03,0.05,0.38
10,0.5,10000,10,15,1,0.1,100,7,6,100,0,0,0,0,0,0.01,0.01,0.03,0.05,0.38
10,0.5,10000,10,15,0.1,0.1,100,7,7,100,0,0,0,0,0,0,0,0.03,0.04,0.38
10,0.5,10000,10,15,0.2,0.1,100,7,7,100,0,0,0,0,0,0,0,0.03,0.04,0.38
10,0.5,10000,10,15,0.3,0.1,100,7,7,100,0,0,0,0,0,0,0,0.03,0.04,0.38
10,0.5,10000,10,15,0.4,0.1,100,7,7,100,0,0,0,0,0,0,0,0.03,0.04,0.38
10,0.5,10000,10,15,0.5,0.1,100,7,7,100,0,0,0,0,0,0.01,0.01,0.04,0.05,0.39
10,0.5,10000,10,15,0.6,0.1,100,7,7,100,0,0,0,0,0,0.01,0.01,0.04,0.05,0.39
10,0.5,10000,10,15,0.7,0.1,100,7,7,100,0,0,0,0,0,0.01,0.01,0.04,0.05,0.39
10,0.5,10000,10,15,0.8,0.1,100,7,7,100,0,0,0,0,0,0.01,0.01,0.04,0.05,0.39
10,0.5,10000,10,15,0.9,0.1,100,7,7,100,0,0,0,0,0,0.01,0.01,0.04,0.05,0.39
10,0.5,10000,10,15,1,0.1,100,7,7,100,0,0,0,0,0,0.01,0.01,0.04,0.05,0.39
10,0.5,10000,10,15,0.1,0.1,100,7,1,10,0,0,0,0,0,0,0,0.1,0.1,0.6
10,0.5,10000,10,15,0.2,0.1,100,7,1,10,0,0,0,0,0,0,0,0.1,0.1,0.6
10,0.5,10000,10,15,0.3,0.1,100,7,1,10,0,0,0,0,0,0,0,0.1,0.1,0.6
10,0.5,10000,10,15,0.4,0.1,100,7,1,10,0,0,0,0,0,0,0,0.1,0.1,0.6
10,0.5,10000,10,15,0.5,0.1,100,7,1,10,0,0,0,0,0,0,0,0.1,0.1,0.6
10,0.5,10000,10,15,0.6,0.1,100,7,1,10,0,0,0,0,0,0,0,0.1,0.1,0.6
10,0.5,10000,10,15,0.7,0.1,100,7,1,10,0,0,0,0,0,0,0,0.1,0.1,0.6
10,0.5,10000,10,15,0.8,0.1,100,7,1,10,0,0,0,0,0,0,0,0.1,0.1,0.6
10,0.5,10000,10,15,0.9,0.1,100,7,1,10,0,0,0,0,0,0,0,0.1,0.1,0.6
10,0.5,10000,10,15,1,0.1,100,7,1,10,0,0,0,0,0,0,0,0.1,0.1,0.6
10,0.5,10000,10,15,0.1,0.1,100,7,2,10,0,0,0,0,0,0,0,0,0,0.5
10,0.5,10000,10,15,0.2,0.1,100,7,2,10,0,0,0,0,0,0,0,0,0,0.5
10,0.5,10000,10,15,0.3,0.1,100,7,2,10,0,0,0,0,0,0,0,0,0,0.5
10,0.5,10000,10,15,0.4,0.1,100,7,2,10,0,0,0,0,0,0,0,0,0,0.5
10,0.5,10000,10,15,0.5,0.1,100,7,2,10,0,0,0,0,0,0,0,0,0,0.5
10,0.5,10000,10,15,0.6,0.1,100,7,2,10,0,0,0,0,0,0,0,0,0,0.5
10,0.5,10000,10,15,0.7,0.1,100,7,2,10,0,0,0,0,0,0,0,0,0,0.5
10,0.5,10000,10,15,0.8,0.1,100,7,2,10,0,0,0,0,0,0,0,0,0,0.5
10,0.5,10000,10,15,0.9,0.1,100,7,2,10,0,0,0,0,0,0,0,0,0,0.5
10,0.5,10000,10,15,1,0.1,100,7,2,10,0,0,0,0,0,0,0,0,0,0.5
10,0.5,10000,10,15,0.1,0.1,100,7,3,10,0,0,0,0,0,0,0,0,0,0.4
10,0.5,10000,10,15,0.2,0.1,100,7,3,10,0,0,0,0,0,0,0,0,0,0.4
10,0.5,10000,10,15,0.3,0.1,100,7,3,10,0,0,0,0,0,0,0,0,0,0.4
10,0.5,10000,10,15,0.4,0.1,100,7,3,10,0,0,0,0,0,0,0,0,0,0.4
10,0.5,10000,10,15,0.5,0.1,100,7,3,10,0,0,0,0,0,0,0,0,0,0.4
10,0.5,10000,10,15,0.6,0.1,100,7,3,10,0,0,0,0,0,0,0,0,0,0.4
10,0.5,10000,10,15,0.7,0.1,100,7,3,10,0,0,0,0,0,0,0,0,0,0.4
10,0.5,10000,10,15,0.8,0.1,100,7,3,10,0,0,0,0,0,0,0,0,0,0.4
10,0.5,10000,10,15,0.9,0.1,100,7,3,10,0,0,0,0,0,0,0,0,0,0.4
10,0.5,10000,10,15,1,0.1,100,7,3,10,0,0,0,0,0,0,0,0,0,0.4
10,0.5,10000,10,15,0.1,0.1,100,7,4,10,0,0,0,0,0,0,0,0,0,0.4
10,0.5,10000,10,15,0.2,0.1,100,7,4,10,0,0,0,0,0,0,0,0,0,0.4
10,0.5,10000,10,15,0.3,0.1,100,7,4,10,0,0,0,0,0,0,0,0,0,0.4
10,0.5,10000,10,15,0.4,0.1,100,7,4,10,0,0,0,0,0,0,0,0,0,0.4
10,0.5,10000,10,15,0.5,0.1,100,7,4,10,0,0,0,0,0,0,0,0,0,0.4
10,0.5,10000,10,15,0.6,0.1,100,7,4,10,0,0,0,0,0,0,0,0,0,0.4
10,0.5,10000,10,15,0.7,0.1,100,7,4,10,0,0,0,0,0,0,0,0,0,0.4
10,0.5,10000,10,15,0.8,0.1,100,7,4,10,0,0,0,0,0,0,0,0,0,0.4
10,0.5,10000,10,15,0.9,0.1,100,7,4,10,0,0,0,0,0,0,0,0,0,0.4
10,0.5,10000,10,15,1,0.1,100,7,4,10,0,0,0,0,0,0,0,0,0,0.4
10,0.5,10000,10,15,0.1,0.1,100,7,5,10,0,0,0,0,0,0,0,0,0,0.3
10,0.5,10000,10,15,0.2,0.1,100,7,5,10,0,0,0,0,0,0,0,0,0,0.3
10,0.5,10000,10,15,0.3,0.1,100,7,5,10,0,0,0,0,0,0,0,0,0,0.3
10,0.5,10000,10,15,0.4,0.1,100,7,5,10,0,0,0,0,0,0,0,0,0,0.3
10,0.5,10000,10,15,0.5,0.1,100,7,5,10,0,0,0,0,0,0,0,0,0,0.3
10,0.5,10000,10,15,0.6,0.1,100,7,5,10,0,0,0,0,0,0,0,0,0,0.3
10,0.5,10000,10,15,0.7,0.1,100,7,5,10,0,0,0,0,0,0,0,0,0,0.3
10,0.5,10000,10,15,0.8,0.1,100,7,5,10,0,0,0,0,0,0,0,0,0,0.3
10,0.5,10000,10,15,0.9,0.1,100,7,5,10,0,0,0,0,0,0,0,0,0,0.3
10,0.5,10000,10,15,1,0.1,100,7,5,10,0,0,0,0,0,0,0,0,0,0.3
10,0.5,10000,10,15,0.1,0.1,100,7,6,10,0,0,0,0,0,0,0,0,0,0.2
10,0.5,10000,10,15,0.2,0.1,100,7,6,10,0,0,0,0,0,0,0,0,0,0.2
10,0.5,10000,10,15,0.3,0.1,100,7,6,10,0,0,0,0,0,0,0,0,0,0.2
10,0.5,10000,10,15,0.4,0.1,100,7,6,10,0,0,0,0,0,0,0,0,0,0.2
10,0.5,10000,10,15,0.5,0.1,100,7,6,10,0,0,0,0,0,0,0,0,0,0.2
10,0.5,10000,10,15,0.6,0.1,100,7,6,10,0,0,0,0,0,0,0,0,0,0.2
10,0.5,10000,10,15,0.7,0.1,100,7,6,10,0,0,0,0,0,0,0,0,0,0.2
10,0.5,10000,10,15,0.8,0.1,100,7,6,10,0,0,0,0,0,0,0,0,0,0.2
10,0.5,10000,10,15,0.9,0.1,100,7,6,10,0,0,0,0,0,0,0,0,0,0.2
10,0.5,10000,10,15,1,0.1,100,7,6,10,0,0,0,0,0,0,0,0,0,0.2
10,0.5,10000,10,15,0.1,0.1,100,7,7,10,0,0,0,0,0,0,0,0,0,0.1
10,0.5,10000,10,15,0.2,0.1,100,7,7,10,0,0,0,0,0,0,0,0,0,0.1
10,0.5,10000,10,15,0.3,0.1,100,7,7,10,0,0,0,0,0,0,0,0,0,0.1
10,0.5,10000,10,15,0.4,0.1,100,7,7,10,0,0,0,0,0,0,0,0,0,0.1
10,0.5,10000,10,15,0.5,0.1,100,7,7,10,0,0,0,0,0,0,0,0,0,0.1
10,0.5,10000,10,15,0.6,0.1,100,7,7,10,0,0,0,0,0,0,0,0,0,0.1
10,0.5,10000,10,15,0.7,0.1,100,7,7,10,0,0,0,0,0,0,0,0,0,0.1
10,0.5,10000,10,15,0.8,0.1,100,7,7,10,0,0,0,0,0,0,0,0,0,0.1
10,0.5,10000,10,15,0.9,0.1,100,7,7,10,0,0,0,0,0,0,0,0,0,0.1
10,0.5,10000,10,15,1,0.1,100,7,7,10,0,0,0,0,0,0,0,0,0,0.1
10,0.5,10000,10,15,0.1,0.1,100,7,0,50,0.02,0.02,0.02,0.02,0.02,0.02,0.02,0.02,0.08,0.42
10,0.5,10000,10,15,0.2,0.1,100,7,0,50,0.02,0.02,0.02,0.02,0.02,0.02,0.02,0.02,0.08,0.42
10,0.5,10000,10,15,0.3,0.1,100,7,0,50,0.02,0.02,0.02,0.02,0.02,0.02,0.02,0.02,0.08,0.42
10,0.5,10000,10,15,0.4,0.1,100,7,0,50,0.02,0.02,0.02,0.02,0.02,0.02,0.02,0.02,0.08,0.42
10,0.5,10000,10,15,0.5,0.1,100,7,0,50,0.02,0.02,0.02,0.02,0.02,0.02,0.02,0.02,0.08,0.42
10,0.5,10000,10,15,0.6,0.1,100,7,0,50,0.02,0.02,0.02,0.02,0.02,0.02,0.02,0.02,0.08,0.42
10,0.5,10000,10,15,0.7,0.1,100,7,0,50,0.02,0.02,0.02,0.02,0.02,0.02,0.02,0.02,0.08,0.42
10,0.5,10000,10,15,0.8,0.1,100,7,0,50,0.02,0.02,0.02,0.02,0.02,0.02,0.02,0.02,0.08,0.42
10,0.5,10000,10,15,0.9,0.1,100,7,0,50,0.02,0.02,0.02,0.02,0.02,0.02,0.02,0.02,0.08,0.42
10,0.5,10000,10,15,1,0.1,100,7,0,50,0.02,0.02,0.02,0.02,0.02,0.02,0.02,0.02,0.08,0.42
10,0.5,10000,10,15,0.1,0.1,100,7,1,50,0,0,0,0,0,0,0.04,0.08,0.08,0.52
10,0.5,10000,10,15,0.2,0.1,100,7,1,50,0,0,0,0,0,0,0.04,0.08,0.08,0.52
10,0.5,10000,10,15,0.3,0.1,100,7,1,50,0,0,0,0,0,0,0.04,0.08,0.08,0.52
10,0.5,10000,10,15,0.4,0.1,100,7,1,50,0,0,0,0,0,0,0.04,0.08,0.08,0.52
10,0.5,10000,10,15,0.5,0.1,100,7,1,50,0,0,0,0,0,0,0.04,0.08,0.08,0.52
10,0.5,10000,10,15,0.6,0.1,100,7,1,50,0,0,0,0,0,0,0.04,0.08,0.08,0.52
10,0.5,10000,10,15,0.7,0.1,100,7,1,50,0,0,0,0,0,0,0.04,0.08,0.08,0.52
10,0.5,10000,10,15,0.8,0.1,100,7,1,50,0,0,0,0,0,0,0.04,0.08,0.08,0.52
10,0.5,10000,10,15,0.9,0.1,100,7,1,50,0,0,0,0,0,0,0.04,0.08,0.08,0.52
10,0.5,10000,10,15,1,0.1,100,7,1,50,0,0,0,0,0,0,0.04,0.08,0.08,0.52
10,0.5,10000,10,15,0.1,0.1,100,7,2,50,0,0,0,0,0,0,0.02,0.04,0.04,0.38
10,0.5,10000,10,15,0.2,0.1,100,7,2,50,0,0,0,0,0,0,0.02,0.04,0.04,0.38
10,0.5,10000,10,15,0.3,0.1,100,7,2,50,0,0,0,0,0,0,0.02,0.04,0.04,0.38
10,0.5,10000,10,15,0.4,0.1,100,7,2,50,0,0,0,0,0,0,0.02,0.04,0.04,0.38
10,0.5,10000,10,15,0.5,0.1,100,7,2,50,0,0,0,0,0,0,0.02,0.04,0.04,0.38
10,0.5,10000,10,15,0.6,0.1,100,7,2,50,0,0,0,0,0,0,0.02,0.04,0.04,0.38
10,0.5,10000,10,15,0.7,0.1,100,7,2,50,0,0,0,0,0,0,0.02,0.04,0.04,0.38
10,0.5,10000,10,15,0.8,0.1,100,7,2,50,0,0,0,0,0,0,0.02,0.04,0.04,0.38
10,0.5,10000,10,15,0.9,0.1,100,7,2,50,0,0,0,0,0,0,0.02,0.04,0.04,0.38
10,0.5,10000,10,15,1,0.1,100,7,2,50,0,0,0,0,0,0,0.02,0.04,0.04,0.38
10,0.5,10000,10,15,0.1,0.1,100,7,3,50,0,0,0,0,0,0,0,0.04,0.04,0.38
10,0.5,10000,10,15,0.2,0.1,100,7,3,50,0,0,0,0,0,0,0,0.04,0.04,0.38
10,0.5,10000,10,15,0.3,0.1,100,7,3,50,0,0,0,0,0,0,0,0.04,0.04,0.38
10,0.5,10000,10,15,0.4,0.1,100,7,3,50,0,0,0,0,0,0,0,0.04,0.04,0.38
10,0.5,10000,10,15,0.5,0.1,100,7,3,50,0,0,0,0,0,0,0,0.04,0.04,0.38
10,0.5,10000,10,15,0.6,0.1,100,7,3,50,0,0,0,0,0,0,0,0.04,0.04,0.38
10,0.5,10000,10,15,0.7,0.1,100,7,3,50,0,0,0,0,0,0,0,0.04,0.04,0.38
10,0.5,10000,10,15,0.8,0.1,100,7,3,50,0,0,0,0,0,0,0,0.04,0.04,0.38
10,0.5,10000,10,15,0.9,0.1,100,7,3,50,0,0,0,0,0,0,0,0.04,0.04,0.38
10,0.5,10000,10,15,1,0.1,100,7,3,50,0,0,0,0,0,0,0,0.04,0.04,0.38
10,0.5,10000,10,15,0.1,0.1,100,7,4,50,0,0,0,0,0,0,0,0.04,0.04,0.42
10,0.5,10000,10,15,0.2,0.1,100,7,4,50,0,0,0,0,0,0,0,0.04,0.04,0.42
10,0.5,10000,10,15,0.3,0.1,100,7,4,50,0,0,0,0,0,0,0,0.04,0.04,0.42
10,0.5,10000,10,15,0.4,0.1,100,7,4,50,0,0,0,0,0,0,0,0.04,0.04,0.42
10,0.5,10000,10,15,0.5,0.1,100,7,4,50,0,0,0,0,0,0,0,0.04,0.04,0.42
10,0.5,10000,10,15,0.6,0.1,100,7,4,50,0,0,0,0,0,0,0,0.04,0.04,0.42
10,0.5,10000,10,15,0.7,0.1,100,7,4,50,0,0,0,0,0,0,0,0.04,0.04,0.42
10,0.5,10000,10,15,0.8,0.1,100,7,4,50,0,0,0,0,0,0,0,0.04,0.04,0.42
10,0.5,10000,10,15,0.9,0.1,100,7,4,50,0,0,0,0,0,0,0,0.04,0.04,0.42
10,0.5,10000,10,15,1,0.1,100,7,4,50,0,0,0,0,0,0,0,0.04,0.04,0.42
10,0.5,10000,10,15,0.1,0.1,100,7,5,50,0,0,0,0,0,0,0,0.04,0.04,0.36
10,0.5,10000,10,15,0.2,0.1,100,7,5,50,0,0,0,0,0,0,0,0.04,0.04,0.36
10,0.5,10000,10,15,0.3,0.1,100,7,5,50,0,0,0,0,0,0,0,0.04,0.04,0.36
10,0.5,10000,10,15,0.4,0.1,100,7,5,50,0,0,0,0,0,0,0,0.04,0.04,0.36
10,0.5,10000,10,15,0.5,0.1,100,7,5,50,0,0,0,0,0,0,0,0.04,0.04,0.36
10,0.5,10000,10,15,0.6,0.1,100,7,5,50,0,0,0,0,0,0,0,0.04,0.04,0.36
10,0.5,10000,10,15,0.7,0.1,100,7,5,50,0,0,0,0,0,0,0,0.04,0.04,0.36
10,0.5,10000,10,15,0.8,0.1,100,7,5,50,0,0,0,0,0,0,0,0.04,0.04,0.36
10,0.5,10000,10,15,0.9,0.1,100,7,5,50,0,0,0,0,0,0,0,0.04,0.04,0.36
10,0.5,10000,10,15,1,0.1,100,7,5,50,0,0,0,0,0,0,0,0.04,0.04,0.36
10,0.5,10000,10,15,0.1,0.1,100,7,6,50,0,0,0,0,0,0,0,0,0,0.32
10,0.5,10000,10,15,0.2,0.1,100,7,6,50,0,0,0,0,0,0,0,0,0,0.32
10,0.5,10000,10,15,0.3,0.1,100,7,6,50,0,0,0,0,0,0,0,0,0,0.32
10,0.5,10000,10,15,0.4,0.1,100,7,6,50,0,0,0,0,0,0,0,0,0,0.32
10,0.5,10000,10,15,0.5,0.1,100,7,6,50,0,0,0,0,0,0,0,0,0,0.32
10,0.5,10000,10,15,0.6,0.1,100,7,6,50,0,0,0,0,0,0,0,0,0,0.32
10,0.5,10000,10,15,0.7,0.1,100,7,6,50,0,0,0,0,0,0,0,0,0,0.32
10,0.5,10000,10,15,0.8,0.1,100,7,6,50,0,0,0,0,0,0,0,0,0,0.32
10,0.5,10000,10,15,0.9,0.1,100,7,6,50,0,0,0,0,0,0,0,0,0,0.32
10,0.5,10000,10,15,1,0.1,100,7,6,50,0,0,0,0,0,0,0,0,0,0.32
10,0.5,10000,10,15,0.1,0.1,100,7,7,50,0,0,0,0,0,0,0,0,0,0.32
10,0.5,10000,10,15,0.2,0.1,100,7,7,50,0,0,0,0,0,0,0,0,0,0.32
10,0.5,10000,10,15,0.3,0.1,100,7,7,50,0,0,0,0,0,0,0,0,0,0.32
10,0.5,10000,10,15,0.4,0.1,100,7,7,50,0,0,0,0,0,0,0,0,0,0.32
10,0.5,10000,10,15,0.5,0.1,100,7,7,50,0,0,0,0,0,0,0,0,0,0.32
10,0.5,10000,10,15,0.6,0.1,100,7,7,50,0,0,0,0,0,0,0,0,0,0.32
10,0.5,10000,10,15,0.7,0.1,100,7,7,50,0,0,0,0,0,0,0,0,0,0.32
10,0.5,10000,10,15,0.8,0.1,100,7,7,50,0,0,0,0,0,0,0,0,0,0.32
10,0.5,10000,10,15,0.9,0.1,100,7,7,50,0,0,0,0,0,0,0,0,0,0.32
10,0.5,10000,10,15,1,0.1,100,7,7,50,0,0,0,0,0,0,0,0,0,0.32
